,index,Name,State,ID,Hostname,precision,save_dir,tissues_to_train,alpha,experiment_name,fold,genes_for_training,genes_for_valid,genes_for_test,gradient_clip_val,learning_rate,max_epochs,num_individuals_per_gene,seed,seq_length,train_donor_path,valid_donor_path,test_donor_path,mean_loss_test_genes_across_test_donors,mean_pearsonr_across_test_genes_across_test_donors,mean_r2_across_test_genes_across_test_donors
0,10,FinalPaperWholeBlood_Fold-0_SingleGene_HIGD2A,finished,usnfawu0,arrietty-h100-gpu03.gladstone.internal,bf16-mixed,/pollard/data/projects/sdrusinsky/enformer_fine_tuning/code/./../results/FinalPaperWholeBlood/SingleGene/HIGD2A/Fold-0/usnfawu0,"[""Whole Blood""]",0.5,FinalPaperWholeBlood,0,HIGD2A,[],[],0.05,5e-06,150,128,0,49152,/pollard/data/projects/sdrusinsky/enformer_fine_tuning/code/./../data/cross_validation_folds/gtex/cv_folds/person_ids-train-fold0.txt,/pollard/data/projects/sdrusinsky/enformer_fine_tuning/code/./../data/cross_validation_folds/gtex/cv_folds/person_ids-val-fold0.txt,/pollard/data/projects/sdrusinsky/enformer_fine_tuning/code/./../data/cross_validation_folds/gtex/cv_folds/person_ids-test-fold0.txt,,,
1,12,FinalPaperWholeBlood_Fold-0_SingleGene_LDHC,finished,p1skdato,arrietty-h100-gpu03.gladstone.internal,bf16-mixed,/pollard/data/projects/sdrusinsky/enformer_fine_tuning/code/./../results/FinalPaperWholeBlood/SingleGene/LDHC/Fold-0/p1skdato,"[""Whole Blood""]",0.5,FinalPaperWholeBlood,0,LDHC,[],[],0.05,5e-06,150,128,0,49152,/pollard/data/projects/sdrusinsky/enformer_fine_tuning/code/./../data/cross_validation_folds/gtex/cv_folds/person_ids-train-fold0.txt,/pollard/data/projects/sdrusinsky/enformer_fine_tuning/code/./../data/cross_validation_folds/gtex/cv_folds/person_ids-val-fold0.txt,/pollard/data/projects/sdrusinsky/enformer_fine_tuning/code/./../data/cross_validation_folds/gtex/cv_folds/person_ids-test-fold0.txt,,,
2,13,FinalPaperWholeBlood_Fold-0_SingleGene_SIGLEC12,finished,4bqownad,arrietty-h100-gpu03.gladstone.internal,bf16-mixed,/pollard/data/projects/sdrusinsky/enformer_fine_tuning/code/./../results/FinalPaperWholeBlood/SingleGene/SIGLEC12/Fold-0/4bqownad,"[""Whole Blood""]",0.5,FinalPaperWholeBlood,0,SIGLEC12,[],[],0.05,5e-06,150,128,0,49152,/pollard/data/projects/sdrusinsky/enformer_fine_tuning/code/./../data/cross_validation_folds/gtex/cv_folds/person_ids-train-fold0.txt,/pollard/data/projects/sdrusinsky/enformer_fine_tuning/code/./../data/cross_validation_folds/gtex/cv_folds/person_ids-val-fold0.txt,/pollard/data/projects/sdrusinsky/enformer_fine_tuning/code/./../data/cross_validation_folds/gtex/cv_folds/person_ids-test-fold0.txt,,,
3,40,FinalPaperWholeBlood_Fold-0_SingleGene_LCN8,finished,ysx9gwgx,arrietty-h100-gpu03.gladstone.internal,bf16-mixed,/pollard/data/projects/sdrusinsky/enformer_fine_tuning/code/./../results/FinalPaperWholeBlood/SingleGene/LCN8/Fold-0/ysx9gwgx,"[""Whole Blood""]",0.5,FinalPaperWholeBlood,0,LCN8,[],[],0.05,5e-06,150,128,0,49152,/pollard/data/projects/sdrusinsky/enformer_fine_tuning/code/./../data/cross_validation_folds/gtex/cv_folds/person_ids-train-fold0.txt,/pollard/data/projects/sdrusinsky/enformer_fine_tuning/code/./../data/cross_validation_folds/gtex/cv_folds/person_ids-val-fold0.txt,/pollard/data/projects/sdrusinsky/enformer_fine_tuning/code/./../data/cross_validation_folds/gtex/cv_folds/person_ids-test-fold0.txt,,,
4,49,FinalPaperWholeBlood_Fold-1_SingleGene_HIGD2A,finished,9qdok3mg,arrietty-h100-gpu03.gladstone.internal,bf16-mixed,/pollard/data/projects/sdrusinsky/enformer_fine_tuning/code/./../results/FinalPaperWholeBlood/SingleGene/HIGD2A/Fold-1/9qdok3mg,"[""Whole Blood""]",0.5,FinalPaperWholeBlood,1,HIGD2A,[],[],0.05,5e-06,150,128,0,49152,/pollard/data/projects/sdrusinsky/enformer_fine_tuning/code/./../data/cross_validation_folds/gtex/cv_folds/person_ids-train-fold1.txt,/pollard/data/projects/sdrusinsky/enformer_fine_tuning/code/./../data/cross_validation_folds/gtex/cv_folds/person_ids-val-fold1.txt,/pollard/data/projects/sdrusinsky/enformer_fine_tuning/code/./../data/cross_validation_folds/gtex/cv_folds/person_ids-test-fold1.txt,,,
5,52,FinalPaperWholeBlood_Fold-1_SingleGene_LDHC,finished,3z55h791,arrietty-h100-gpu03.gladstone.internal,bf16-mixed,/pollard/data/projects/sdrusinsky/enformer_fine_tuning/code/./../results/FinalPaperWholeBlood/SingleGene/LDHC/Fold-1/3z55h791,"[""Whole Blood""]",0.5,FinalPaperWholeBlood,1,LDHC,[],[],0.05,5e-06,150,128,0,49152,/pollard/data/projects/sdrusinsky/enformer_fine_tuning/code/./../data/cross_validation_folds/gtex/cv_folds/person_ids-train-fold1.txt,/pollard/data/projects/sdrusinsky/enformer_fine_tuning/code/./../data/cross_validation_folds/gtex/cv_folds/person_ids-val-fold1.txt,/pollard/data/projects/sdrusinsky/enformer_fine_tuning/code/./../data/cross_validation_folds/gtex/cv_folds/person_ids-test-fold1.txt,,,
6,54,FinalPaperWholeBlood_Fold-1_SingleGene_SIGLEC12,finished,kaqco72e,arrietty-h100-gpu03.gladstone.internal,bf16-mixed,/pollard/data/projects/sdrusinsky/enformer_fine_tuning/code/./../results/FinalPaperWholeBlood/SingleGene/SIGLEC12/Fold-1/kaqco72e,"[""Whole Blood""]",0.5,FinalPaperWholeBlood,1,SIGLEC12,[],[],0.05,5e-06,150,128,0,49152,/pollard/data/projects/sdrusinsky/enformer_fine_tuning/code/./../data/cross_validation_folds/gtex/cv_folds/person_ids-train-fold1.txt,/pollard/data/projects/sdrusinsky/enformer_fine_tuning/code/./../data/cross_validation_folds/gtex/cv_folds/person_ids-val-fold1.txt,/pollard/data/projects/sdrusinsky/enformer_fine_tuning/code/./../data/cross_validation_folds/gtex/cv_folds/person_ids-test-fold1.txt,,,
7,58,FinalPaperWholeBlood_Fold-0_SingleGene_CTRB2,finished,vgb6nlrb,arrietty-h100-gpu03.gladstone.internal,bf16-mixed,/pollard/data/projects/sdrusinsky/enformer_fine_tuning/code/./../results/FinalPaperWholeBlood/SingleGene/CTRB2/Fold-0/vgb6nlrb,"[""Whole Blood""]",0.5,FinalPaperWholeBlood,0,CTRB2,[],[],0.05,5e-06,150,128,0,49152,/pollard/data/projects/sdrusinsky/enformer_fine_tuning/code/./../data/cross_validation_folds/gtex/cv_folds/person_ids-train-fold0.txt,/pollard/data/projects/sdrusinsky/enformer_fine_tuning/code/./../data/cross_validation_folds/gtex/cv_folds/person_ids-val-fold0.txt,/pollard/data/projects/sdrusinsky/enformer_fine_tuning/code/./../data/cross_validation_folds/gtex/cv_folds/person_ids-test-fold0.txt,,,
8,71,FinalPaperWholeBlood_Fold-2_SingleGene_HIGD2A,finished,aghqo092,arrietty-h100-gpu02.gladstone.internal,bf16-mixed,/pollard/data/projects/sdrusinsky/enformer_fine_tuning/code/./../results/FinalPaperWholeBlood/SingleGene/HIGD2A/Fold-2/aghqo092,"[""Whole Blood""]",0.5,FinalPaperWholeBlood,2,HIGD2A,[],[],0.05,5e-06,150,128,0,49152,/pollard/data/projects/sdrusinsky/enformer_fine_tuning/code/./../data/cross_validation_folds/gtex/cv_folds/person_ids-train-fold2.txt,/pollard/data/projects/sdrusinsky/enformer_fine_tuning/code/./../data/cross_validation_folds/gtex/cv_folds/person_ids-val-fold2.txt,/pollard/data/projects/sdrusinsky/enformer_fine_tuning/code/./../data/cross_validation_folds/gtex/cv_folds/person_ids-test-fold2.txt,,,
9,79,FinalPaperWholeBlood_Fold-2_SingleGene_LDHC,finished,z5tdd06x,arrietty-h100-gpu02.gladstone.internal,bf16-mixed,/pollard/data/projects/sdrusinsky/enformer_fine_tuning/code/./../results/FinalPaperWholeBlood/SingleGene/LDHC/Fold-2/z5tdd06x,"[""Whole Blood""]",0.5,FinalPaperWholeBlood,2,LDHC,[],[],0.05,5e-06,150,128,0,49152,/pollard/data/projects/sdrusinsky/enformer_fine_tuning/code/./../data/cross_validation_folds/gtex/cv_folds/person_ids-train-fold2.txt,/pollard/data/projects/sdrusinsky/enformer_fine_tuning/code/./../data/cross_validation_folds/gtex/cv_folds/person_ids-val-fold2.txt,/pollard/data/projects/sdrusinsky/enformer_fine_tuning/code/./../data/cross_validation_folds/gtex/cv_folds/person_ids-test-fold2.txt,,,
10,84,FinalPaperWholeBlood_Fold-2_SingleGene_SIGLEC12,finished,560zjz1m,arrietty-h100-gpu02.gladstone.internal,bf16-mixed,/pollard/data/projects/sdrusinsky/enformer_fine_tuning/code/./../results/FinalPaperWholeBlood/SingleGene/SIGLEC12/Fold-2/560zjz1m,"[""Whole Blood""]",0.5,FinalPaperWholeBlood,2,SIGLEC12,[],[],0.05,5e-06,150,128,0,49152,/pollard/data/projects/sdrusinsky/enformer_fine_tuning/code/./../data/cross_validation_folds/gtex/cv_folds/person_ids-train-fold2.txt,/pollard/data/projects/sdrusinsky/enformer_fine_tuning/code/./../data/cross_validation_folds/gtex/cv_folds/person_ids-val-fold2.txt,/pollard/data/projects/sdrusinsky/enformer_fine_tuning/code/./../data/cross_validation_folds/gtex/cv_folds/person_ids-test-fold2.txt,,,
11,95,FinalPaperWholeBlood_Fold-0_SingleGene_SPATC1L,finished,dhzev5m0,arrietty-h100-gpu03.gladstone.internal,bf16-mixed,/pollard/data/projects/sdrusinsky/enformer_fine_tuning/code/./../results/FinalPaperWholeBlood/SingleGene/SPATC1L/Fold-0/dhzev5m0,"[""Whole Blood""]",0.5,FinalPaperWholeBlood,0,SPATC1L,[],[],0.05,5e-06,150,128,0,49152,/pollard/data/projects/sdrusinsky/enformer_fine_tuning/code/./../data/cross_validation_folds/gtex/cv_folds/person_ids-train-fold0.txt,/pollard/data/projects/sdrusinsky/enformer_fine_tuning/code/./../data/cross_validation_folds/gtex/cv_folds/person_ids-val-fold0.txt,/pollard/data/projects/sdrusinsky/enformer_fine_tuning/code/./../data/cross_validation_folds/gtex/cv_folds/person_ids-test-fold0.txt,,,
12,108,FinalPaperWholeBlood_Fold-0_SingleGene_UNC5B,finished,lnwjfglr,arrietty-h100-gpu03.gladstone.internal,bf16-mixed,/pollard/data/projects/sdrusinsky/enformer_fine_tuning/code/./../results/FinalPaperWholeBlood/SingleGene/UNC5B/Fold-0/lnwjfglr,"[""Whole Blood""]",0.5,FinalPaperWholeBlood,0,UNC5B,[],[],0.05,5e-06,150,128,0,49152,/pollard/data/projects/sdrusinsky/enformer_fine_tuning/code/./../data/cross_validation_folds/gtex/cv_folds/person_ids-train-fold0.txt,/pollard/data/projects/sdrusinsky/enformer_fine_tuning/code/./../data/cross_validation_folds/gtex/cv_folds/person_ids-val-fold0.txt,/pollard/data/projects/sdrusinsky/enformer_fine_tuning/code/./../data/cross_validation_folds/gtex/cv_folds/person_ids-test-fold0.txt,,,
13,110,FinalPaperWholeBlood_Fold-1_SingleGene_LCN8,finished,0b4a1f4k,arrietty-h100-gpu03.gladstone.internal,bf16-mixed,/pollard/data/projects/sdrusinsky/enformer_fine_tuning/code/./../results/FinalPaperWholeBlood/SingleGene/LCN8/Fold-1/0b4a1f4k,"[""Whole Blood""]",0.5,FinalPaperWholeBlood,1,LCN8,[],[],0.05,5e-06,150,128,0,49152,/pollard/data/projects/sdrusinsky/enformer_fine_tuning/code/./../data/cross_validation_folds/gtex/cv_folds/person_ids-train-fold1.txt,/pollard/data/projects/sdrusinsky/enformer_fine_tuning/code/./../data/cross_validation_folds/gtex/cv_folds/person_ids-val-fold1.txt,/pollard/data/projects/sdrusinsky/enformer_fine_tuning/code/./../data/cross_validation_folds/gtex/cv_folds/person_ids-test-fold1.txt,,,
14,125,FinalPaperWholeBlood_Fold-1_SingleGene_CTRB2,finished,0ucy1lcz,arrietty-h100-gpu03.gladstone.internal,bf16-mixed,/pollard/data/projects/sdrusinsky/enformer_fine_tuning/code/./../results/FinalPaperWholeBlood/SingleGene/CTRB2/Fold-1/0ucy1lcz,"[""Whole Blood""]",0.5,FinalPaperWholeBlood,1,CTRB2,[],[],0.05,5e-06,150,128,0,49152,/pollard/data/projects/sdrusinsky/enformer_fine_tuning/code/./../data/cross_validation_folds/gtex/cv_folds/person_ids-train-fold1.txt,/pollard/data/projects/sdrusinsky/enformer_fine_tuning/code/./../data/cross_validation_folds/gtex/cv_folds/person_ids-val-fold1.txt,/pollard/data/projects/sdrusinsky/enformer_fine_tuning/code/./../data/cross_validation_folds/gtex/cv_folds/person_ids-test-fold1.txt,,,
15,143,FinalPaperWholeBlood_Fold-2_SingleGene_LCN8,finished,j43uvl54,arrietty-h100-gpu02.gladstone.internal,bf16-mixed,/pollard/data/projects/sdrusinsky/enformer_fine_tuning/code/./../results/FinalPaperWholeBlood/SingleGene/LCN8/Fold-2/j43uvl54,"[""Whole Blood""]",0.5,FinalPaperWholeBlood,2,LCN8,[],[],0.05,5e-06,150,128,0,49152,/pollard/data/projects/sdrusinsky/enformer_fine_tuning/code/./../data/cross_validation_folds/gtex/cv_folds/person_ids-train-fold2.txt,/pollard/data/projects/sdrusinsky/enformer_fine_tuning/code/./../data/cross_validation_folds/gtex/cv_folds/person_ids-val-fold2.txt,/pollard/data/projects/sdrusinsky/enformer_fine_tuning/code/./../data/cross_validation_folds/gtex/cv_folds/person_ids-test-fold2.txt,,,
16,149,FinalPaperWholeBlood_Fold-1_SingleGene_SPATC1L,finished,5rl68pj2,arrietty-h100-gpu02.gladstone.internal,bf16-mixed,/pollard/data/projects/sdrusinsky/enformer_fine_tuning/code/./../results/FinalPaperWholeBlood/SingleGene/SPATC1L/Fold-1/5rl68pj2,"[""Whole Blood""]",0.5,FinalPaperWholeBlood,1,SPATC1L,[],[],0.05,5e-06,150,128,0,49152,/pollard/data/projects/sdrusinsky/enformer_fine_tuning/code/./../data/cross_validation_folds/gtex/cv_folds/person_ids-train-fold1.txt,/pollard/data/projects/sdrusinsky/enformer_fine_tuning/code/./../data/cross_validation_folds/gtex/cv_folds/person_ids-val-fold1.txt,/pollard/data/projects/sdrusinsky/enformer_fine_tuning/code/./../data/cross_validation_folds/gtex/cv_folds/person_ids-test-fold1.txt,,,
17,154,FinalPaperWholeBlood_Fold-1_SingleGene_UNC5B,finished,7jj9cevs,arrietty-h100-gpu02.gladstone.internal,bf16-mixed,/pollard/data/projects/sdrusinsky/enformer_fine_tuning/code/./../results/FinalPaperWholeBlood/SingleGene/UNC5B/Fold-1/7jj9cevs,"[""Whole Blood""]",0.5,FinalPaperWholeBlood,1,UNC5B,[],[],0.05,5e-06,150,128,0,49152,/pollard/data/projects/sdrusinsky/enformer_fine_tuning/code/./../data/cross_validation_folds/gtex/cv_folds/person_ids-train-fold1.txt,/pollard/data/projects/sdrusinsky/enformer_fine_tuning/code/./../data/cross_validation_folds/gtex/cv_folds/person_ids-val-fold1.txt,/pollard/data/projects/sdrusinsky/enformer_fine_tuning/code/./../data/cross_validation_folds/gtex/cv_folds/person_ids-test-fold1.txt,,,
18,158,FinalPaperWholeBlood_Fold-2_SingleGene_CTRB2,finished,ze7c4t05,arrietty-h100-gpu02.gladstone.internal,bf16-mixed,/pollard/data/projects/sdrusinsky/enformer_fine_tuning/code/./../results/FinalPaperWholeBlood/SingleGene/CTRB2/Fold-2/ze7c4t05,"[""Whole Blood""]",0.5,FinalPaperWholeBlood,2,CTRB2,[],[],0.05,5e-06,150,128,0,49152,/pollard/data/projects/sdrusinsky/enformer_fine_tuning/code/./../data/cross_validation_folds/gtex/cv_folds/person_ids-train-fold2.txt,/pollard/data/projects/sdrusinsky/enformer_fine_tuning/code/./../data/cross_validation_folds/gtex/cv_folds/person_ids-val-fold2.txt,/pollard/data/projects/sdrusinsky/enformer_fine_tuning/code/./../data/cross_validation_folds/gtex/cv_folds/person_ids-test-fold2.txt,,,
19,173,FinalPaperWholeBlood_Fold-0_SingleGene_CRY1,finished,93xxpuyq,arrietty-h100-gpu02.gladstone.internal,bf16-mixed,/pollard/data/projects/sdrusinsky/enformer_fine_tuning/code/./../results/FinalPaperWholeBlood/SingleGene/CRY1/Fold-0/93xxpuyq,"[""Whole Blood""]",0.5,FinalPaperWholeBlood,0,CRY1,[],[],0.05,5e-06,150,128,0,49152,/pollard/data/projects/sdrusinsky/enformer_fine_tuning/code/./../data/cross_validation_folds/gtex/cv_folds/person_ids-train-fold0.txt,/pollard/data/projects/sdrusinsky/enformer_fine_tuning/code/./../data/cross_validation_folds/gtex/cv_folds/person_ids-val-fold0.txt,/pollard/data/projects/sdrusinsky/enformer_fine_tuning/code/./../data/cross_validation_folds/gtex/cv_folds/person_ids-test-fold0.txt,,,
20,177,FinalPaperWholeBlood_Fold-0_SingleGene_HSBP1L1,finished,k0jeli6q,arrietty-h100-gpu02.gladstone.internal,bf16-mixed,/pollard/data/projects/sdrusinsky/enformer_fine_tuning/code/./../results/FinalPaperWholeBlood/SingleGene/HSBP1L1/Fold-0/k0jeli6q,"[""Whole Blood""]",0.5,FinalPaperWholeBlood,0,HSBP1L1,[],[],0.05,5e-06,150,128,0,49152,/pollard/data/projects/sdrusinsky/enformer_fine_tuning/code/./../data/cross_validation_folds/gtex/cv_folds/person_ids-train-fold0.txt,/pollard/data/projects/sdrusinsky/enformer_fine_tuning/code/./../data/cross_validation_folds/gtex/cv_folds/person_ids-val-fold0.txt,/pollard/data/projects/sdrusinsky/enformer_fine_tuning/code/./../data/cross_validation_folds/gtex/cv_folds/person_ids-test-fold0.txt,,,
21,185,FinalPaperWholeBlood_Fold-1_SingleGene_CRY1,finished,3jhosy4u,arrietty-h100-gpu02.gladstone.internal,bf16-mixed,/pollard/data/projects/sdrusinsky/enformer_fine_tuning/code/./../results/FinalPaperWholeBlood/SingleGene/CRY1/Fold-1/3jhosy4u,"[""Whole Blood""]",0.5,FinalPaperWholeBlood,1,CRY1,[],[],0.05,5e-06,150,128,0,49152,/pollard/data/projects/sdrusinsky/enformer_fine_tuning/code/./../data/cross_validation_folds/gtex/cv_folds/person_ids-train-fold1.txt,/pollard/data/projects/sdrusinsky/enformer_fine_tuning/code/./../data/cross_validation_folds/gtex/cv_folds/person_ids-val-fold1.txt,/pollard/data/projects/sdrusinsky/enformer_fine_tuning/code/./../data/cross_validation_folds/gtex/cv_folds/person_ids-test-fold1.txt,,,
22,192,FinalPaperWholeBlood_Fold-1_SingleGene_HSBP1L1,finished,3zrx2p2h,arrietty-h100-gpu02.gladstone.internal,bf16-mixed,/pollard/data/projects/sdrusinsky/enformer_fine_tuning/code/./../results/FinalPaperWholeBlood/SingleGene/HSBP1L1/Fold-1/3zrx2p2h,"[""Whole Blood""]",0.5,FinalPaperWholeBlood,1,HSBP1L1,[],[],0.05,5e-06,150,128,0,49152,/pollard/data/projects/sdrusinsky/enformer_fine_tuning/code/./../data/cross_validation_folds/gtex/cv_folds/person_ids-train-fold1.txt,/pollard/data/projects/sdrusinsky/enformer_fine_tuning/code/./../data/cross_validation_folds/gtex/cv_folds/person_ids-val-fold1.txt,/pollard/data/projects/sdrusinsky/enformer_fine_tuning/code/./../data/cross_validation_folds/gtex/cv_folds/person_ids-test-fold1.txt,,,
23,202,FinalPaperWholeBlood_Fold-2_SingleGene_SPATC1L,finished,ox2sk6n7,arrietty-h100-gpu02.gladstone.internal,bf16-mixed,/pollard/data/projects/sdrusinsky/enformer_fine_tuning/code/./../results/FinalPaperWholeBlood/SingleGene/SPATC1L/Fold-2/ox2sk6n7,"[""Whole Blood""]",0.5,FinalPaperWholeBlood,2,SPATC1L,[],[],0.05,5e-06,150,128,0,49152,/pollard/data/projects/sdrusinsky/enformer_fine_tuning/code/./../data/cross_validation_folds/gtex/cv_folds/person_ids-train-fold2.txt,/pollard/data/projects/sdrusinsky/enformer_fine_tuning/code/./../data/cross_validation_folds/gtex/cv_folds/person_ids-val-fold2.txt,/pollard/data/projects/sdrusinsky/enformer_fine_tuning/code/./../data/cross_validation_folds/gtex/cv_folds/person_ids-test-fold2.txt,,,
24,218,FinalPaperWholeBlood_Fold-2_SingleGene_UNC5B,finished,1hts9pp6,arrietty-h100-gpu02.gladstone.internal,bf16-mixed,/pollard/data/projects/sdrusinsky/enformer_fine_tuning/code/./../results/FinalPaperWholeBlood/SingleGene/UNC5B/Fold-2/1hts9pp6,"[""Whole Blood""]",0.5,FinalPaperWholeBlood,2,UNC5B,[],[],0.05,5e-06,150,128,0,49152,/pollard/data/projects/sdrusinsky/enformer_fine_tuning/code/./../data/cross_validation_folds/gtex/cv_folds/person_ids-train-fold2.txt,/pollard/data/projects/sdrusinsky/enformer_fine_tuning/code/./../data/cross_validation_folds/gtex/cv_folds/person_ids-val-fold2.txt,/pollard/data/projects/sdrusinsky/enformer_fine_tuning/code/./../data/cross_validation_folds/gtex/cv_folds/person_ids-test-fold2.txt,,,
25,241,FinalPaperWholeBlood_Fold-0_SingleGene_NPHP4,finished,mtwqjnai,arrietty-h100-gpu02.gladstone.internal,bf16-mixed,/pollard/data/projects/sdrusinsky/enformer_fine_tuning/code/./../results/FinalPaperWholeBlood/SingleGene/NPHP4/Fold-0/mtwqjnai,"[""Whole Blood""]",0.5,FinalPaperWholeBlood,0,NPHP4,[],[],0.05,5e-06,150,128,0,49152,/pollard/data/projects/sdrusinsky/enformer_fine_tuning/code/./../data/cross_validation_folds/gtex/cv_folds/person_ids-train-fold0.txt,/pollard/data/projects/sdrusinsky/enformer_fine_tuning/code/./../data/cross_validation_folds/gtex/cv_folds/person_ids-val-fold0.txt,/pollard/data/projects/sdrusinsky/enformer_fine_tuning/code/./../data/cross_validation_folds/gtex/cv_folds/person_ids-test-fold0.txt,,,
26,247,FinalPaperWholeBlood_Fold-2_SingleGene_CRY1,finished,s9d5bdl7,arrietty-h100-gpu02.gladstone.internal,bf16-mixed,/pollard/data/projects/sdrusinsky/enformer_fine_tuning/code/./../results/FinalPaperWholeBlood/SingleGene/CRY1/Fold-2/s9d5bdl7,"[""Whole Blood""]",0.5,FinalPaperWholeBlood,2,CRY1,[],[],0.05,5e-06,150,128,0,49152,/pollard/data/projects/sdrusinsky/enformer_fine_tuning/code/./../data/cross_validation_folds/gtex/cv_folds/person_ids-train-fold2.txt,/pollard/data/projects/sdrusinsky/enformer_fine_tuning/code/./../data/cross_validation_folds/gtex/cv_folds/person_ids-val-fold2.txt,/pollard/data/projects/sdrusinsky/enformer_fine_tuning/code/./../data/cross_validation_folds/gtex/cv_folds/person_ids-test-fold2.txt,,,
27,249,FinalPaperWholeBlood_Fold-2_SingleGene_HSBP1L1,finished,6jalwabi,arrietty-h100-gpu02.gladstone.internal,bf16-mixed,/pollard/data/projects/sdrusinsky/enformer_fine_tuning/code/./../results/FinalPaperWholeBlood/SingleGene/HSBP1L1/Fold-2/6jalwabi,"[""Whole Blood""]",0.5,FinalPaperWholeBlood,2,HSBP1L1,[],[],0.05,5e-06,150,128,0,49152,/pollard/data/projects/sdrusinsky/enformer_fine_tuning/code/./../data/cross_validation_folds/gtex/cv_folds/person_ids-train-fold2.txt,/pollard/data/projects/sdrusinsky/enformer_fine_tuning/code/./../data/cross_validation_folds/gtex/cv_folds/person_ids-val-fold2.txt,/pollard/data/projects/sdrusinsky/enformer_fine_tuning/code/./../data/cross_validation_folds/gtex/cv_folds/person_ids-test-fold2.txt,,,
28,257,FinalPaperWholeBlood_Fold-0_SingleGene_NODAL,finished,te2qtrt5,arrietty-h100-gpu02.gladstone.internal,bf16-mixed,/pollard/data/projects/sdrusinsky/enformer_fine_tuning/code/./../results/FinalPaperWholeBlood/SingleGene/NODAL/Fold-0/te2qtrt5,"[""Whole Blood""]",0.5,FinalPaperWholeBlood,0,NODAL,[],[],0.05,5e-06,150,128,0,49152,/pollard/data/projects/sdrusinsky/enformer_fine_tuning/code/./../data/cross_validation_folds/gtex/cv_folds/person_ids-train-fold0.txt,/pollard/data/projects/sdrusinsky/enformer_fine_tuning/code/./../data/cross_validation_folds/gtex/cv_folds/person_ids-val-fold0.txt,/pollard/data/projects/sdrusinsky/enformer_fine_tuning/code/./../data/cross_validation_folds/gtex/cv_folds/person_ids-test-fold0.txt,,,
29,259,FinalPaperWholeBlood_Fold-1_SingleGene_NPHP4,finished,nzu63era,arrietty-h100-gpu02.gladstone.internal,bf16-mixed,/pollard/data/projects/sdrusinsky/enformer_fine_tuning/code/./../results/FinalPaperWholeBlood/SingleGene/NPHP4/Fold-1/nzu63era,"[""Whole Blood""]",0.5,FinalPaperWholeBlood,1,NPHP4,[],[],0.05,5e-06,150,128,0,49152,/pollard/data/projects/sdrusinsky/enformer_fine_tuning/code/./../data/cross_validation_folds/gtex/cv_folds/person_ids-train-fold1.txt,/pollard/data/projects/sdrusinsky/enformer_fine_tuning/code/./../data/cross_validation_folds/gtex/cv_folds/person_ids-val-fold1.txt,/pollard/data/projects/sdrusinsky/enformer_fine_tuning/code/./../data/cross_validation_folds/gtex/cv_folds/person_ids-test-fold1.txt,,,
30,273,FinalPaperWholeBlood_Fold-0_SingleGene_SPATA20,finished,56v9hvwt,arrietty-h100-gpu02.gladstone.internal,bf16-mixed,/pollard/data/projects/sdrusinsky/enformer_fine_tuning/code/./../results/FinalPaperWholeBlood/SingleGene/SPATA20/Fold-0/56v9hvwt,"[""Whole Blood""]",0.5,FinalPaperWholeBlood,0,SPATA20,[],[],0.05,5e-06,150,128,0,49152,/pollard/data/projects/sdrusinsky/enformer_fine_tuning/code/./../data/cross_validation_folds/gtex/cv_folds/person_ids-train-fold0.txt,/pollard/data/projects/sdrusinsky/enformer_fine_tuning/code/./../data/cross_validation_folds/gtex/cv_folds/person_ids-val-fold0.txt,/pollard/data/projects/sdrusinsky/enformer_fine_tuning/code/./../data/cross_validation_folds/gtex/cv_folds/person_ids-test-fold0.txt,,,
31,276,FinalPaperWholeBlood_Fold-1_SingleGene_NODAL,finished,dfp7orbr,arrietty-h100-gpu02.gladstone.internal,bf16-mixed,/pollard/data/projects/sdrusinsky/enformer_fine_tuning/code/./../results/FinalPaperWholeBlood/SingleGene/NODAL/Fold-1/dfp7orbr,"[""Whole Blood""]",0.5,FinalPaperWholeBlood,1,NODAL,[],[],0.05,5e-06,150,128,0,49152,/pollard/data/projects/sdrusinsky/enformer_fine_tuning/code/./../data/cross_validation_folds/gtex/cv_folds/person_ids-train-fold1.txt,/pollard/data/projects/sdrusinsky/enformer_fine_tuning/code/./../data/cross_validation_folds/gtex/cv_folds/person_ids-val-fold1.txt,/pollard/data/projects/sdrusinsky/enformer_fine_tuning/code/./../data/cross_validation_folds/gtex/cv_folds/person_ids-test-fold1.txt,,,
32,288,FinalPaperWholeBlood_Fold-1_SingleGene_SPATA20,finished,saf12x2p,arrietty-h100-gpu02.gladstone.internal,bf16-mixed,/pollard/data/projects/sdrusinsky/enformer_fine_tuning/code/./../results/FinalPaperWholeBlood/SingleGene/SPATA20/Fold-1/saf12x2p,"[""Whole Blood""]",0.5,FinalPaperWholeBlood,1,SPATA20,[],[],0.05,5e-06,150,128,0,49152,/pollard/data/projects/sdrusinsky/enformer_fine_tuning/code/./../data/cross_validation_folds/gtex/cv_folds/person_ids-train-fold1.txt,/pollard/data/projects/sdrusinsky/enformer_fine_tuning/code/./../data/cross_validation_folds/gtex/cv_folds/person_ids-val-fold1.txt,/pollard/data/projects/sdrusinsky/enformer_fine_tuning/code/./../data/cross_validation_folds/gtex/cv_folds/person_ids-test-fold1.txt,,,
33,291,FinalPaperWholeBlood_Fold-0_SingleGene_SLC5A11,finished,xnc1j8dc,arrietty-h100-gpu02.gladstone.internal,bf16-mixed,/pollard/data/projects/sdrusinsky/enformer_fine_tuning/code/./../results/FinalPaperWholeBlood/SingleGene/SLC5A11/Fold-0/xnc1j8dc,"[""Whole Blood""]",0.5,FinalPaperWholeBlood,0,SLC5A11,[],[],0.05,5e-06,150,128,0,49152,/pollard/data/projects/sdrusinsky/enformer_fine_tuning/code/./../data/cross_validation_folds/gtex/cv_folds/person_ids-train-fold0.txt,/pollard/data/projects/sdrusinsky/enformer_fine_tuning/code/./../data/cross_validation_folds/gtex/cv_folds/person_ids-val-fold0.txt,/pollard/data/projects/sdrusinsky/enformer_fine_tuning/code/./../data/cross_validation_folds/gtex/cv_folds/person_ids-test-fold0.txt,,,
34,301,FinalPaperWholeBlood_Fold-0_SingleGene_SMYD1,finished,3bjdq3hu,arrietty-h100-gpu02.gladstone.internal,bf16-mixed,/pollard/data/projects/sdrusinsky/enformer_fine_tuning/code/./../results/FinalPaperWholeBlood/SingleGene/SMYD1/Fold-0/3bjdq3hu,"[""Whole Blood""]",0.5,FinalPaperWholeBlood,0,SMYD1,[],[],0.05,5e-06,150,128,0,49152,/pollard/data/projects/sdrusinsky/enformer_fine_tuning/code/./../data/cross_validation_folds/gtex/cv_folds/person_ids-train-fold0.txt,/pollard/data/projects/sdrusinsky/enformer_fine_tuning/code/./../data/cross_validation_folds/gtex/cv_folds/person_ids-val-fold0.txt,/pollard/data/projects/sdrusinsky/enformer_fine_tuning/code/./../data/cross_validation_folds/gtex/cv_folds/person_ids-test-fold0.txt,,,
35,309,FinalPaperWholeBlood_Fold-1_SingleGene_SLC5A11,finished,5c2ih5sy,arrietty-h100-gpu02.gladstone.internal,bf16-mixed,/pollard/data/projects/sdrusinsky/enformer_fine_tuning/code/./../results/FinalPaperWholeBlood/SingleGene/SLC5A11/Fold-1/5c2ih5sy,"[""Whole Blood""]",0.5,FinalPaperWholeBlood,1,SLC5A11,[],[],0.05,5e-06,150,128,0,49152,/pollard/data/projects/sdrusinsky/enformer_fine_tuning/code/./../data/cross_validation_folds/gtex/cv_folds/person_ids-train-fold1.txt,/pollard/data/projects/sdrusinsky/enformer_fine_tuning/code/./../data/cross_validation_folds/gtex/cv_folds/person_ids-val-fold1.txt,/pollard/data/projects/sdrusinsky/enformer_fine_tuning/code/./../data/cross_validation_folds/gtex/cv_folds/person_ids-test-fold1.txt,,,
36,315,FinalPaperWholeBlood_Fold-1_SingleGene_SMYD1,finished,q5w4zxbg,arrietty-h100-gpu02.gladstone.internal,bf16-mixed,/pollard/data/projects/sdrusinsky/enformer_fine_tuning/code/./../results/FinalPaperWholeBlood/SingleGene/SMYD1/Fold-1/q5w4zxbg,"[""Whole Blood""]",0.5,FinalPaperWholeBlood,1,SMYD1,[],[],0.05,5e-06,150,128,0,49152,/pollard/data/projects/sdrusinsky/enformer_fine_tuning/code/./../data/cross_validation_folds/gtex/cv_folds/person_ids-train-fold1.txt,/pollard/data/projects/sdrusinsky/enformer_fine_tuning/code/./../data/cross_validation_folds/gtex/cv_folds/person_ids-val-fold1.txt,/pollard/data/projects/sdrusinsky/enformer_fine_tuning/code/./../data/cross_validation_folds/gtex/cv_folds/person_ids-test-fold1.txt,,,
37,319,FinalPaperWholeBlood_Fold-2_SingleGene_NPHP4,finished,n58jmlel,arrietty-h100-gpu02.gladstone.internal,bf16-mixed,/pollard/data/projects/sdrusinsky/enformer_fine_tuning/code/./../results/FinalPaperWholeBlood/SingleGene/NPHP4/Fold-2/n58jmlel,"[""Whole Blood""]",0.5,FinalPaperWholeBlood,2,NPHP4,[],[],0.05,5e-06,150,128,0,49152,/pollard/data/projects/sdrusinsky/enformer_fine_tuning/code/./../data/cross_validation_folds/gtex/cv_folds/person_ids-train-fold2.txt,/pollard/data/projects/sdrusinsky/enformer_fine_tuning/code/./../data/cross_validation_folds/gtex/cv_folds/person_ids-val-fold2.txt,/pollard/data/projects/sdrusinsky/enformer_fine_tuning/code/./../data/cross_validation_folds/gtex/cv_folds/person_ids-test-fold2.txt,,,
38,333,FinalPaperWholeBlood_Fold-2_SingleGene_NODAL,finished,yfxbuiek,arrietty-h100-gpu02.gladstone.internal,bf16-mixed,/pollard/data/projects/sdrusinsky/enformer_fine_tuning/code/./../results/FinalPaperWholeBlood/SingleGene/NODAL/Fold-2/yfxbuiek,"[""Whole Blood""]",0.5,FinalPaperWholeBlood,2,NODAL,[],[],0.05,5e-06,150,128,0,49152,/pollard/data/projects/sdrusinsky/enformer_fine_tuning/code/./../data/cross_validation_folds/gtex/cv_folds/person_ids-train-fold2.txt,/pollard/data/projects/sdrusinsky/enformer_fine_tuning/code/./../data/cross_validation_folds/gtex/cv_folds/person_ids-val-fold2.txt,/pollard/data/projects/sdrusinsky/enformer_fine_tuning/code/./../data/cross_validation_folds/gtex/cv_folds/person_ids-test-fold2.txt,,,
39,345,FinalPaperWholeBlood_Fold-2_SingleGene_SPATA20,finished,ivqmhxy8,arrietty-h100-gpu02.gladstone.internal,bf16-mixed,/pollard/data/projects/sdrusinsky/enformer_fine_tuning/code/./../results/FinalPaperWholeBlood/SingleGene/SPATA20/Fold-2/ivqmhxy8,"[""Whole Blood""]",0.5,FinalPaperWholeBlood,2,SPATA20,[],[],0.05,5e-06,150,128,0,49152,/pollard/data/projects/sdrusinsky/enformer_fine_tuning/code/./../data/cross_validation_folds/gtex/cv_folds/person_ids-train-fold2.txt,/pollard/data/projects/sdrusinsky/enformer_fine_tuning/code/./../data/cross_validation_folds/gtex/cv_folds/person_ids-val-fold2.txt,/pollard/data/projects/sdrusinsky/enformer_fine_tuning/code/./../data/cross_validation_folds/gtex/cv_folds/person_ids-test-fold2.txt,,,
40,366,FinalPaperWholeBlood_Fold-2_SingleGene_SLC5A11,finished,dysbkiou,arrietty-h100-gpu02.gladstone.internal,bf16-mixed,/pollard/data/projects/sdrusinsky/enformer_fine_tuning/code/./../results/FinalPaperWholeBlood/SingleGene/SLC5A11/Fold-2/dysbkiou,"[""Whole Blood""]",0.5,FinalPaperWholeBlood,2,SLC5A11,[],[],0.05,5e-06,150,128,0,49152,/pollard/data/projects/sdrusinsky/enformer_fine_tuning/code/./../data/cross_validation_folds/gtex/cv_folds/person_ids-train-fold2.txt,/pollard/data/projects/sdrusinsky/enformer_fine_tuning/code/./../data/cross_validation_folds/gtex/cv_folds/person_ids-val-fold2.txt,/pollard/data/projects/sdrusinsky/enformer_fine_tuning/code/./../data/cross_validation_folds/gtex/cv_folds/person_ids-test-fold2.txt,,,
41,375,FinalPaperWholeBlood_Fold-2_SingleGene_SMYD1,finished,q4ccpjdo,arrietty-h100-gpu02.gladstone.internal,bf16-mixed,/pollard/data/projects/sdrusinsky/enformer_fine_tuning/code/./../results/FinalPaperWholeBlood/SingleGene/SMYD1/Fold-2/q4ccpjdo,"[""Whole Blood""]",0.5,FinalPaperWholeBlood,2,SMYD1,[],[],0.05,5e-06,150,128,0,49152,/pollard/data/projects/sdrusinsky/enformer_fine_tuning/code/./../data/cross_validation_folds/gtex/cv_folds/person_ids-train-fold2.txt,/pollard/data/projects/sdrusinsky/enformer_fine_tuning/code/./../data/cross_validation_folds/gtex/cv_folds/person_ids-val-fold2.txt,/pollard/data/projects/sdrusinsky/enformer_fine_tuning/code/./../data/cross_validation_folds/gtex/cv_folds/person_ids-test-fold2.txt,,,
42,429,FinalPaperWholeBlood_Fold-0_SingleGene_DPYSL4,finished,uux8rq21,arrietty-h100-gpu02.gladstone.internal,bf16-mixed,/pollard/data/projects/sdrusinsky/enformer_fine_tuning/code/./../results/FinalPaperWholeBlood/SingleGene/DPYSL4/Fold-0/uux8rq21,"[""Whole Blood""]",0.5,FinalPaperWholeBlood,0,DPYSL4,[],[],0.05,5e-06,150,128,0,49152,/pollard/data/projects/sdrusinsky/enformer_fine_tuning/code/./../data/cross_validation_folds/gtex/cv_folds/person_ids-train-fold0.txt,/pollard/data/projects/sdrusinsky/enformer_fine_tuning/code/./../data/cross_validation_folds/gtex/cv_folds/person_ids-val-fold0.txt,/pollard/data/projects/sdrusinsky/enformer_fine_tuning/code/./../data/cross_validation_folds/gtex/cv_folds/person_ids-test-fold0.txt,,,
43,442,FinalPaperWholeBlood_Fold-1_SingleGene_DPYSL4,finished,w9dcbxo6,arrietty-h100-gpu02.gladstone.internal,bf16-mixed,/pollard/data/projects/sdrusinsky/enformer_fine_tuning/code/./../results/FinalPaperWholeBlood/SingleGene/DPYSL4/Fold-1/w9dcbxo6,"[""Whole Blood""]",0.5,FinalPaperWholeBlood,1,DPYSL4,[],[],0.05,5e-06,150,128,0,49152,/pollard/data/projects/sdrusinsky/enformer_fine_tuning/code/./../data/cross_validation_folds/gtex/cv_folds/person_ids-train-fold1.txt,/pollard/data/projects/sdrusinsky/enformer_fine_tuning/code/./../data/cross_validation_folds/gtex/cv_folds/person_ids-val-fold1.txt,/pollard/data/projects/sdrusinsky/enformer_fine_tuning/code/./../data/cross_validation_folds/gtex/cv_folds/person_ids-test-fold1.txt,,,
44,483,FinalPaperWholeBlood_Fold-2_SingleGene_DPYSL4,finished,4jfjjtrc,arrietty-h100-gpu02.gladstone.internal,bf16-mixed,/pollard/data/projects/sdrusinsky/enformer_fine_tuning/code/./../results/FinalPaperWholeBlood/SingleGene/DPYSL4/Fold-2/4jfjjtrc,"[""Whole Blood""]",0.5,FinalPaperWholeBlood,2,DPYSL4,[],[],0.05,5e-06,150,128,0,49152,/pollard/data/projects/sdrusinsky/enformer_fine_tuning/code/./../data/cross_validation_folds/gtex/cv_folds/person_ids-train-fold2.txt,/pollard/data/projects/sdrusinsky/enformer_fine_tuning/code/./../data/cross_validation_folds/gtex/cv_folds/person_ids-val-fold2.txt,/pollard/data/projects/sdrusinsky/enformer_fine_tuning/code/./../data/cross_validation_folds/gtex/cv_folds/person_ids-test-fold2.txt,,,
45,547,FinalPaperWholeBlood_Fold-0_SingleGene_SPATA32,finished,wrqvli5s,arrietty-h100-gpu02.gladstone.internal,bf16-mixed,/pollard/data/projects/sdrusinsky/enformer_fine_tuning/code/./../results/FinalPaperWholeBlood/SingleGene/SPATA32/Fold-0/wrqvli5s,"[""Whole Blood""]",0.5,FinalPaperWholeBlood,0,SPATA32,[],[],0.05,5e-06,150,128,0,49152,/pollard/data/projects/sdrusinsky/enformer_fine_tuning/code/./../data/cross_validation_folds/gtex/cv_folds/person_ids-train-fold0.txt,/pollard/data/projects/sdrusinsky/enformer_fine_tuning/code/./../data/cross_validation_folds/gtex/cv_folds/person_ids-val-fold0.txt,/pollard/data/projects/sdrusinsky/enformer_fine_tuning/code/./../data/cross_validation_folds/gtex/cv_folds/person_ids-test-fold0.txt,,,
46,559,FinalPaperWholeBlood_Fold-1_SingleGene_SPATA32,finished,i0mkdgv8,arrietty-h100-gpu02.gladstone.internal,bf16-mixed,/pollard/data/projects/sdrusinsky/enformer_fine_tuning/code/./../results/FinalPaperWholeBlood/SingleGene/SPATA32/Fold-1/i0mkdgv8,"[""Whole Blood""]",0.5,FinalPaperWholeBlood,1,SPATA32,[],[],0.05,5e-06,150,128,0,49152,/pollard/data/projects/sdrusinsky/enformer_fine_tuning/code/./../data/cross_validation_folds/gtex/cv_folds/person_ids-train-fold1.txt,/pollard/data/projects/sdrusinsky/enformer_fine_tuning/code/./../data/cross_validation_folds/gtex/cv_folds/person_ids-val-fold1.txt,/pollard/data/projects/sdrusinsky/enformer_fine_tuning/code/./../data/cross_validation_folds/gtex/cv_folds/person_ids-test-fold1.txt,,,
47,583,FinalPaperWholeBlood_Fold-2_SingleGene_SPATA32,finished,dk5einzf,arrietty-h100-gpu02.gladstone.internal,bf16-mixed,/pollard/data/projects/sdrusinsky/enformer_fine_tuning/code/./../results/FinalPaperWholeBlood/SingleGene/SPATA32/Fold-2/dk5einzf,"[""Whole Blood""]",0.5,FinalPaperWholeBlood,2,SPATA32,[],[],0.05,5e-06,150,128,0,49152,/pollard/data/projects/sdrusinsky/enformer_fine_tuning/code/./../data/cross_validation_folds/gtex/cv_folds/person_ids-train-fold2.txt,/pollard/data/projects/sdrusinsky/enformer_fine_tuning/code/./../data/cross_validation_folds/gtex/cv_folds/person_ids-val-fold2.txt,/pollard/data/projects/sdrusinsky/enformer_fine_tuning/code/./../data/cross_validation_folds/gtex/cv_folds/person_ids-test-fold2.txt,,,
48,597,FinalPaperWholeBlood_Fold-1_SingleGene_LDOC1L,finished,6h5uyhmc,arrietty-h100-gpu02.gladstone.internal,bf16-mixed,/pollard/data/projects/sdrusinsky/enformer_fine_tuning/code/./../results/FinalPaperWholeBlood/SingleGene/LDOC1L/Fold-1/6h5uyhmc,"[""Whole Blood""]",0.5,FinalPaperWholeBlood,1,LDOC1L,[],[],0.05,5e-06,150,128,0,49152,/pollard/data/projects/sdrusinsky/enformer_fine_tuning/code/./../data/cross_validation_folds/gtex/cv_folds/person_ids-train-fold1.txt,/pollard/data/projects/sdrusinsky/enformer_fine_tuning/code/./../data/cross_validation_folds/gtex/cv_folds/person_ids-val-fold1.txt,/pollard/data/projects/sdrusinsky/enformer_fine_tuning/code/./../data/cross_validation_folds/gtex/cv_folds/person_ids-test-fold1.txt,,,
49,603,FinalPaperWholeBlood_Fold-0_SingleGene_LDOC1L,finished,17tiah3p,arrietty-h100-gpu02.gladstone.internal,bf16-mixed,/pollard/data/projects/sdrusinsky/enformer_fine_tuning/code/./../results/FinalPaperWholeBlood/SingleGene/LDOC1L/Fold-0/17tiah3p,"[""Whole Blood""]",0.5,FinalPaperWholeBlood,0,LDOC1L,[],[],0.05,5e-06,150,128,0,49152,/pollard/data/projects/sdrusinsky/enformer_fine_tuning/code/./../data/cross_validation_folds/gtex/cv_folds/person_ids-train-fold0.txt,/pollard/data/projects/sdrusinsky/enformer_fine_tuning/code/./../data/cross_validation_folds/gtex/cv_folds/person_ids-val-fold0.txt,/pollard/data/projects/sdrusinsky/enformer_fine_tuning/code/./../data/cross_validation_folds/gtex/cv_folds/person_ids-test-fold0.txt,,,
50,612,FinalPaperWholeBlood_Fold-1_SingleGene_TYSND1,finished,eeoleapk,arrietty-h100-gpu02.gladstone.internal,bf16-mixed,/pollard/data/projects/sdrusinsky/enformer_fine_tuning/code/./../results/FinalPaperWholeBlood/SingleGene/TYSND1/Fold-1/eeoleapk,"[""Whole Blood""]",0.5,FinalPaperWholeBlood,1,TYSND1,[],[],0.05,5e-06,150,128,0,49152,/pollard/data/projects/sdrusinsky/enformer_fine_tuning/code/./../data/cross_validation_folds/gtex/cv_folds/person_ids-train-fold1.txt,/pollard/data/projects/sdrusinsky/enformer_fine_tuning/code/./../data/cross_validation_folds/gtex/cv_folds/person_ids-val-fold1.txt,/pollard/data/projects/sdrusinsky/enformer_fine_tuning/code/./../data/cross_validation_folds/gtex/cv_folds/person_ids-test-fold1.txt,,,
51,621,FinalPaperWholeBlood_Fold-1_SingleGene_ATP6AP1L,finished,4rxs97fh,arrietty-h100-gpu02.gladstone.internal,bf16-mixed,/pollard/data/projects/sdrusinsky/enformer_fine_tuning/code/./../results/FinalPaperWholeBlood/SingleGene/ATP6AP1L/Fold-1/4rxs97fh,"[""Whole Blood""]",0.5,FinalPaperWholeBlood,1,ATP6AP1L,[],[],0.05,5e-06,150,128,0,49152,/pollard/data/projects/sdrusinsky/enformer_fine_tuning/code/./../data/cross_validation_folds/gtex/cv_folds/person_ids-train-fold1.txt,/pollard/data/projects/sdrusinsky/enformer_fine_tuning/code/./../data/cross_validation_folds/gtex/cv_folds/person_ids-val-fold1.txt,/pollard/data/projects/sdrusinsky/enformer_fine_tuning/code/./../data/cross_validation_folds/gtex/cv_folds/person_ids-test-fold1.txt,,,
52,623,FinalPaperWholeBlood_Fold-2_SingleGene_LDOC1L,finished,96q43umz,arrietty-h100-gpu02.gladstone.internal,bf16-mixed,/pollard/data/projects/sdrusinsky/enformer_fine_tuning/code/./../results/FinalPaperWholeBlood/SingleGene/LDOC1L/Fold-2/96q43umz,"[""Whole Blood""]",0.5,FinalPaperWholeBlood,2,LDOC1L,[],[],0.05,5e-06,150,128,0,49152,/pollard/data/projects/sdrusinsky/enformer_fine_tuning/code/./../data/cross_validation_folds/gtex/cv_folds/person_ids-train-fold2.txt,/pollard/data/projects/sdrusinsky/enformer_fine_tuning/code/./../data/cross_validation_folds/gtex/cv_folds/person_ids-val-fold2.txt,/pollard/data/projects/sdrusinsky/enformer_fine_tuning/code/./../data/cross_validation_folds/gtex/cv_folds/person_ids-test-fold2.txt,,,
53,634,FinalPaperWholeBlood_Fold-1_SingleGene_MMRN1,finished,xvlwelk4,arrietty-h100-gpu02.gladstone.internal,bf16-mixed,/pollard/data/projects/sdrusinsky/enformer_fine_tuning/code/./../results/FinalPaperWholeBlood/SingleGene/MMRN1/Fold-1/xvlwelk4,"[""Whole Blood""]",0.5,FinalPaperWholeBlood,1,MMRN1,[],[],0.05,5e-06,150,128,0,49152,/pollard/data/projects/sdrusinsky/enformer_fine_tuning/code/./../data/cross_validation_folds/gtex/cv_folds/person_ids-train-fold1.txt,/pollard/data/projects/sdrusinsky/enformer_fine_tuning/code/./../data/cross_validation_folds/gtex/cv_folds/person_ids-val-fold1.txt,/pollard/data/projects/sdrusinsky/enformer_fine_tuning/code/./../data/cross_validation_folds/gtex/cv_folds/person_ids-test-fold1.txt,,,
54,635,FinalPaperWholeBlood_Fold-0_SingleGene_TYSND1,finished,kssjd0pt,arrietty-h100-gpu02.gladstone.internal,bf16-mixed,/pollard/data/projects/sdrusinsky/enformer_fine_tuning/code/./../results/FinalPaperWholeBlood/SingleGene/TYSND1/Fold-0/kssjd0pt,"[""Whole Blood""]",0.5,FinalPaperWholeBlood,0,TYSND1,[],[],0.05,5e-06,150,128,0,49152,/pollard/data/projects/sdrusinsky/enformer_fine_tuning/code/./../data/cross_validation_folds/gtex/cv_folds/person_ids-train-fold0.txt,/pollard/data/projects/sdrusinsky/enformer_fine_tuning/code/./../data/cross_validation_folds/gtex/cv_folds/person_ids-val-fold0.txt,/pollard/data/projects/sdrusinsky/enformer_fine_tuning/code/./../data/cross_validation_folds/gtex/cv_folds/person_ids-test-fold0.txt,,,
55,637,FinalPaperWholeBlood_Fold-2_SingleGene_TYSND1,finished,havilomg,arrietty-h100-gpu02.gladstone.internal,bf16-mixed,/pollard/data/projects/sdrusinsky/enformer_fine_tuning/code/./../results/FinalPaperWholeBlood/SingleGene/TYSND1/Fold-2/havilomg,"[""Whole Blood""]",0.5,FinalPaperWholeBlood,2,TYSND1,[],[],0.05,5e-06,150,128,0,49152,/pollard/data/projects/sdrusinsky/enformer_fine_tuning/code/./../data/cross_validation_folds/gtex/cv_folds/person_ids-train-fold2.txt,/pollard/data/projects/sdrusinsky/enformer_fine_tuning/code/./../data/cross_validation_folds/gtex/cv_folds/person_ids-val-fold2.txt,/pollard/data/projects/sdrusinsky/enformer_fine_tuning/code/./../data/cross_validation_folds/gtex/cv_folds/person_ids-test-fold2.txt,,,
56,643,FinalPaperWholeBlood_Fold-0_SingleGene_ATP6AP1L,finished,8pb07k6e,arrietty-h100-gpu02.gladstone.internal,bf16-mixed,/pollard/data/projects/sdrusinsky/enformer_fine_tuning/code/./../results/FinalPaperWholeBlood/SingleGene/ATP6AP1L/Fold-0/8pb07k6e,"[""Whole Blood""]",0.5,FinalPaperWholeBlood,0,ATP6AP1L,[],[],0.05,5e-06,150,128,0,49152,/pollard/data/projects/sdrusinsky/enformer_fine_tuning/code/./../data/cross_validation_folds/gtex/cv_folds/person_ids-train-fold0.txt,/pollard/data/projects/sdrusinsky/enformer_fine_tuning/code/./../data/cross_validation_folds/gtex/cv_folds/person_ids-val-fold0.txt,/pollard/data/projects/sdrusinsky/enformer_fine_tuning/code/./../data/cross_validation_folds/gtex/cv_folds/person_ids-test-fold0.txt,,,
57,646,FinalPaperWholeBlood_Fold-2_SingleGene_ATP6AP1L,finished,erd2lsx6,arrietty-h100-gpu02.gladstone.internal,bf16-mixed,/pollard/data/projects/sdrusinsky/enformer_fine_tuning/code/./../results/FinalPaperWholeBlood/SingleGene/ATP6AP1L/Fold-2/erd2lsx6,"[""Whole Blood""]",0.5,FinalPaperWholeBlood,2,ATP6AP1L,[],[],0.05,5e-06,150,128,0,49152,/pollard/data/projects/sdrusinsky/enformer_fine_tuning/code/./../data/cross_validation_folds/gtex/cv_folds/person_ids-train-fold2.txt,/pollard/data/projects/sdrusinsky/enformer_fine_tuning/code/./../data/cross_validation_folds/gtex/cv_folds/person_ids-val-fold2.txt,/pollard/data/projects/sdrusinsky/enformer_fine_tuning/code/./../data/cross_validation_folds/gtex/cv_folds/person_ids-test-fold2.txt,,,
58,648,FinalPaperWholeBlood_Fold-0_SingleGene_MMRN1,finished,jg15tmwh,arrietty-h100-gpu02.gladstone.internal,bf16-mixed,/pollard/data/projects/sdrusinsky/enformer_fine_tuning/code/./../results/FinalPaperWholeBlood/SingleGene/MMRN1/Fold-0/jg15tmwh,"[""Whole Blood""]",0.5,FinalPaperWholeBlood,0,MMRN1,[],[],0.05,5e-06,150,128,0,49152,/pollard/data/projects/sdrusinsky/enformer_fine_tuning/code/./../data/cross_validation_folds/gtex/cv_folds/person_ids-train-fold0.txt,/pollard/data/projects/sdrusinsky/enformer_fine_tuning/code/./../data/cross_validation_folds/gtex/cv_folds/person_ids-val-fold0.txt,/pollard/data/projects/sdrusinsky/enformer_fine_tuning/code/./../data/cross_validation_folds/gtex/cv_folds/person_ids-test-fold0.txt,,,
59,660,FinalPaperWholeBlood_Fold-2_SingleGene_MMRN1,finished,rnj8j45a,arrietty-h100-gpu02.gladstone.internal,bf16-mixed,/pollard/data/projects/sdrusinsky/enformer_fine_tuning/code/./../results/FinalPaperWholeBlood/SingleGene/MMRN1/Fold-2/rnj8j45a,"[""Whole Blood""]",0.5,FinalPaperWholeBlood,2,MMRN1,[],[],0.05,5e-06,150,128,0,49152,/pollard/data/projects/sdrusinsky/enformer_fine_tuning/code/./../data/cross_validation_folds/gtex/cv_folds/person_ids-train-fold2.txt,/pollard/data/projects/sdrusinsky/enformer_fine_tuning/code/./../data/cross_validation_folds/gtex/cv_folds/person_ids-val-fold2.txt,/pollard/data/projects/sdrusinsky/enformer_fine_tuning/code/./../data/cross_validation_folds/gtex/cv_folds/person_ids-test-fold2.txt,,,
60,704,FinalPaperWholeBlood_Fold-1_SingleGene_CENPN,finished,1yfyg6b1,arrietty-h100-gpu02.gladstone.internal,bf16-mixed,/pollard/data/projects/sdrusinsky/enformer_fine_tuning/code/./../results/FinalPaperWholeBlood/SingleGene/CENPN/Fold-1/1yfyg6b1,"[""Whole Blood""]",0.5,FinalPaperWholeBlood,1,CENPN,[],[],0.05,5e-06,150,128,0,49152,/pollard/data/projects/sdrusinsky/enformer_fine_tuning/code/./../data/cross_validation_folds/gtex/cv_folds/person_ids-train-fold1.txt,/pollard/data/projects/sdrusinsky/enformer_fine_tuning/code/./../data/cross_validation_folds/gtex/cv_folds/person_ids-val-fold1.txt,/pollard/data/projects/sdrusinsky/enformer_fine_tuning/code/./../data/cross_validation_folds/gtex/cv_folds/person_ids-test-fold1.txt,,,
61,712,FinalPaperWholeBlood_Fold-2_SingleGene_CENPN,finished,tyrv5wmx,arrietty-h100-gpu02.gladstone.internal,bf16-mixed,/pollard/data/projects/sdrusinsky/enformer_fine_tuning/code/./../results/FinalPaperWholeBlood/SingleGene/CENPN/Fold-2/tyrv5wmx,"[""Whole Blood""]",0.5,FinalPaperWholeBlood,2,CENPN,[],[],0.05,5e-06,150,128,0,49152,/pollard/data/projects/sdrusinsky/enformer_fine_tuning/code/./../data/cross_validation_folds/gtex/cv_folds/person_ids-train-fold2.txt,/pollard/data/projects/sdrusinsky/enformer_fine_tuning/code/./../data/cross_validation_folds/gtex/cv_folds/person_ids-val-fold2.txt,/pollard/data/projects/sdrusinsky/enformer_fine_tuning/code/./../data/cross_validation_folds/gtex/cv_folds/person_ids-test-fold2.txt,,,
62,717,FinalPaperWholeBlood_Fold-0_SingleGene_CENPN,finished,tov9j7vi,arrietty-h100-gpu02.gladstone.internal,bf16-mixed,/pollard/data/projects/sdrusinsky/enformer_fine_tuning/code/./../results/FinalPaperWholeBlood/SingleGene/CENPN/Fold-0/tov9j7vi,"[""Whole Blood""]",0.5,FinalPaperWholeBlood,0,CENPN,[],[],0.05,5e-06,150,128,0,49152,/pollard/data/projects/sdrusinsky/enformer_fine_tuning/code/./../data/cross_validation_folds/gtex/cv_folds/person_ids-train-fold0.txt,/pollard/data/projects/sdrusinsky/enformer_fine_tuning/code/./../data/cross_validation_folds/gtex/cv_folds/person_ids-val-fold0.txt,/pollard/data/projects/sdrusinsky/enformer_fine_tuning/code/./../data/cross_validation_folds/gtex/cv_folds/person_ids-test-fold0.txt,,,
63,758,FinalPaperWholeBlood_Fold-1_SingleGene_C17orf97,finished,b5i1t77u,arrietty-h100-gpu02.gladstone.internal,bf16-mixed,/pollard/data/projects/sdrusinsky/enformer_fine_tuning/code/./../results/FinalPaperWholeBlood/SingleGene/C17orf97/Fold-1/b5i1t77u,"[""Whole Blood""]",0.5,FinalPaperWholeBlood,1,C17orf97,[],[],0.05,5e-06,150,128,0,49152,/pollard/data/projects/sdrusinsky/enformer_fine_tuning/code/./../data/cross_validation_folds/gtex/cv_folds/person_ids-train-fold1.txt,/pollard/data/projects/sdrusinsky/enformer_fine_tuning/code/./../data/cross_validation_folds/gtex/cv_folds/person_ids-val-fold1.txt,/pollard/data/projects/sdrusinsky/enformer_fine_tuning/code/./../data/cross_validation_folds/gtex/cv_folds/person_ids-test-fold1.txt,,,
64,773,FinalPaperWholeBlood_Fold-2_SingleGene_C17orf97,finished,bxt8j1lg,arrietty-h100-gpu02.gladstone.internal,bf16-mixed,/pollard/data/projects/sdrusinsky/enformer_fine_tuning/code/./../results/FinalPaperWholeBlood/SingleGene/C17orf97/Fold-2/bxt8j1lg,"[""Whole Blood""]",0.5,FinalPaperWholeBlood,2,C17orf97,[],[],0.05,5e-06,150,128,0,49152,/pollard/data/projects/sdrusinsky/enformer_fine_tuning/code/./../data/cross_validation_folds/gtex/cv_folds/person_ids-train-fold2.txt,/pollard/data/projects/sdrusinsky/enformer_fine_tuning/code/./../data/cross_validation_folds/gtex/cv_folds/person_ids-val-fold2.txt,/pollard/data/projects/sdrusinsky/enformer_fine_tuning/code/./../data/cross_validation_folds/gtex/cv_folds/person_ids-test-fold2.txt,,,
65,774,FinalPaperWholeBlood_Fold-0_SingleGene_C17orf97,finished,lo14fseq,arrietty-h100-gpu02.gladstone.internal,bf16-mixed,/pollard/data/projects/sdrusinsky/enformer_fine_tuning/code/./../results/FinalPaperWholeBlood/SingleGene/C17orf97/Fold-0/lo14fseq,"[""Whole Blood""]",0.5,FinalPaperWholeBlood,0,C17orf97,[],[],0.05,5e-06,150,128,0,49152,/pollard/data/projects/sdrusinsky/enformer_fine_tuning/code/./../data/cross_validation_folds/gtex/cv_folds/person_ids-train-fold0.txt,/pollard/data/projects/sdrusinsky/enformer_fine_tuning/code/./../data/cross_validation_folds/gtex/cv_folds/person_ids-val-fold0.txt,/pollard/data/projects/sdrusinsky/enformer_fine_tuning/code/./../data/cross_validation_folds/gtex/cv_folds/person_ids-test-fold0.txt,,,
66,779,FinalPaperWholeBlood_Fold-1_SingleGene_CLEC18A,finished,jklapdz4,arrietty-h100-gpu02.gladstone.internal,bf16-mixed,/pollard/data/projects/sdrusinsky/enformer_fine_tuning/code/./../results/FinalPaperWholeBlood/SingleGene/CLEC18A/Fold-1/jklapdz4,"[""Whole Blood""]",0.5,FinalPaperWholeBlood,1,CLEC18A,[],[],0.05,5e-06,150,128,0,49152,/pollard/data/projects/sdrusinsky/enformer_fine_tuning/code/./../data/cross_validation_folds/gtex/cv_folds/person_ids-train-fold1.txt,/pollard/data/projects/sdrusinsky/enformer_fine_tuning/code/./../data/cross_validation_folds/gtex/cv_folds/person_ids-val-fold1.txt,/pollard/data/projects/sdrusinsky/enformer_fine_tuning/code/./../data/cross_validation_folds/gtex/cv_folds/person_ids-test-fold1.txt,,,
67,784,FinalPaperWholeBlood_Fold-1_SingleGene_CSNK2B,finished,1q306tv3,arrietty-h100-gpu02.gladstone.internal,bf16-mixed,/pollard/data/projects/sdrusinsky/enformer_fine_tuning/code/./../results/FinalPaperWholeBlood/SingleGene/CSNK2B/Fold-1/1q306tv3,"[""Whole Blood""]",0.5,FinalPaperWholeBlood,1,CSNK2B,[],[],0.05,5e-06,150,128,0,49152,/pollard/data/projects/sdrusinsky/enformer_fine_tuning/code/./../data/cross_validation_folds/gtex/cv_folds/person_ids-train-fold1.txt,/pollard/data/projects/sdrusinsky/enformer_fine_tuning/code/./../data/cross_validation_folds/gtex/cv_folds/person_ids-val-fold1.txt,/pollard/data/projects/sdrusinsky/enformer_fine_tuning/code/./../data/cross_validation_folds/gtex/cv_folds/person_ids-test-fold1.txt,,,
68,789,FinalPaperWholeBlood_Fold-1_SingleGene_EREG,finished,amv40drf,arrietty-h100-gpu02.gladstone.internal,bf16-mixed,/pollard/data/projects/sdrusinsky/enformer_fine_tuning/code/./../results/FinalPaperWholeBlood/SingleGene/EREG/Fold-1/amv40drf,"[""Whole Blood""]",0.5,FinalPaperWholeBlood,1,EREG,[],[],0.05,5e-06,150,128,0,49152,/pollard/data/projects/sdrusinsky/enformer_fine_tuning/code/./../data/cross_validation_folds/gtex/cv_folds/person_ids-train-fold1.txt,/pollard/data/projects/sdrusinsky/enformer_fine_tuning/code/./../data/cross_validation_folds/gtex/cv_folds/person_ids-val-fold1.txt,/pollard/data/projects/sdrusinsky/enformer_fine_tuning/code/./../data/cross_validation_folds/gtex/cv_folds/person_ids-test-fold1.txt,,,
69,793,FinalPaperWholeBlood_Fold-2_SingleGene_CLEC18A,finished,9hbc2tff,arrietty-h100-gpu02.gladstone.internal,bf16-mixed,/pollard/data/projects/sdrusinsky/enformer_fine_tuning/code/./../results/FinalPaperWholeBlood/SingleGene/CLEC18A/Fold-2/9hbc2tff,"[""Whole Blood""]",0.5,FinalPaperWholeBlood,2,CLEC18A,[],[],0.05,5e-06,150,128,0,49152,/pollard/data/projects/sdrusinsky/enformer_fine_tuning/code/./../data/cross_validation_folds/gtex/cv_folds/person_ids-train-fold2.txt,/pollard/data/projects/sdrusinsky/enformer_fine_tuning/code/./../data/cross_validation_folds/gtex/cv_folds/person_ids-val-fold2.txt,/pollard/data/projects/sdrusinsky/enformer_fine_tuning/code/./../data/cross_validation_folds/gtex/cv_folds/person_ids-test-fold2.txt,,,
70,794,FinalPaperWholeBlood_Fold-1_SingleGene_PAPSS1,finished,u5rfkq0k,arrietty-h100-gpu02.gladstone.internal,bf16-mixed,/pollard/data/projects/sdrusinsky/enformer_fine_tuning/code/./../results/FinalPaperWholeBlood/SingleGene/PAPSS1/Fold-1/u5rfkq0k,"[""Whole Blood""]",0.5,FinalPaperWholeBlood,1,PAPSS1,[],[],0.05,5e-06,150,128,0,49152,/pollard/data/projects/sdrusinsky/enformer_fine_tuning/code/./../data/cross_validation_folds/gtex/cv_folds/person_ids-train-fold1.txt,/pollard/data/projects/sdrusinsky/enformer_fine_tuning/code/./../data/cross_validation_folds/gtex/cv_folds/person_ids-val-fold1.txt,/pollard/data/projects/sdrusinsky/enformer_fine_tuning/code/./../data/cross_validation_folds/gtex/cv_folds/person_ids-test-fold1.txt,,,
71,799,FinalPaperWholeBlood_Fold-1_SingleGene_POR,finished,8kv9crlj,arrietty-h100-gpu02.gladstone.internal,bf16-mixed,/pollard/data/projects/sdrusinsky/enformer_fine_tuning/code/./../results/FinalPaperWholeBlood/SingleGene/POR/Fold-1/8kv9crlj,"[""Whole Blood""]",0.5,FinalPaperWholeBlood,1,POR,[],[],0.05,5e-06,150,128,0,49152,/pollard/data/projects/sdrusinsky/enformer_fine_tuning/code/./../data/cross_validation_folds/gtex/cv_folds/person_ids-train-fold1.txt,/pollard/data/projects/sdrusinsky/enformer_fine_tuning/code/./../data/cross_validation_folds/gtex/cv_folds/person_ids-val-fold1.txt,/pollard/data/projects/sdrusinsky/enformer_fine_tuning/code/./../data/cross_validation_folds/gtex/cv_folds/person_ids-test-fold1.txt,,,
72,800,FinalPaperWholeBlood_Fold-2_SingleGene_CSNK2B,finished,yzuepams,arrietty-h100-gpu02.gladstone.internal,bf16-mixed,/pollard/data/projects/sdrusinsky/enformer_fine_tuning/code/./../results/FinalPaperWholeBlood/SingleGene/CSNK2B/Fold-2/yzuepams,"[""Whole Blood""]",0.5,FinalPaperWholeBlood,2,CSNK2B,[],[],0.05,5e-06,150,128,0,49152,/pollard/data/projects/sdrusinsky/enformer_fine_tuning/code/./../data/cross_validation_folds/gtex/cv_folds/person_ids-train-fold2.txt,/pollard/data/projects/sdrusinsky/enformer_fine_tuning/code/./../data/cross_validation_folds/gtex/cv_folds/person_ids-val-fold2.txt,/pollard/data/projects/sdrusinsky/enformer_fine_tuning/code/./../data/cross_validation_folds/gtex/cv_folds/person_ids-test-fold2.txt,,,
73,801,FinalPaperWholeBlood_Fold-0_SingleGene_CLEC18A,finished,ysw1op6q,arrietty-h100-gpu02.gladstone.internal,bf16-mixed,/pollard/data/projects/sdrusinsky/enformer_fine_tuning/code/./../results/FinalPaperWholeBlood/SingleGene/CLEC18A/Fold-0/ysw1op6q,"[""Whole Blood""]",0.5,FinalPaperWholeBlood,0,CLEC18A,[],[],0.05,5e-06,150,128,0,49152,/pollard/data/projects/sdrusinsky/enformer_fine_tuning/code/./../data/cross_validation_folds/gtex/cv_folds/person_ids-train-fold0.txt,/pollard/data/projects/sdrusinsky/enformer_fine_tuning/code/./../data/cross_validation_folds/gtex/cv_folds/person_ids-val-fold0.txt,/pollard/data/projects/sdrusinsky/enformer_fine_tuning/code/./../data/cross_validation_folds/gtex/cv_folds/person_ids-test-fold0.txt,,,
74,802,FinalPaperWholeBlood_Fold-1_SingleGene_FAHD1,finished,1or539zt,arrietty-h100-gpu02.gladstone.internal,bf16-mixed,/pollard/data/projects/sdrusinsky/enformer_fine_tuning/code/./../results/FinalPaperWholeBlood/SingleGene/FAHD1/Fold-1/1or539zt,"[""Whole Blood""]",0.5,FinalPaperWholeBlood,1,FAHD1,[],[],0.05,5e-06,150,128,0,49152,/pollard/data/projects/sdrusinsky/enformer_fine_tuning/code/./../data/cross_validation_folds/gtex/cv_folds/person_ids-train-fold1.txt,/pollard/data/projects/sdrusinsky/enformer_fine_tuning/code/./../data/cross_validation_folds/gtex/cv_folds/person_ids-val-fold1.txt,/pollard/data/projects/sdrusinsky/enformer_fine_tuning/code/./../data/cross_validation_folds/gtex/cv_folds/person_ids-test-fold1.txt,,,
75,806,FinalPaperWholeBlood_Fold-0_SingleGene_CSNK2B,finished,22zyfsk7,arrietty-h100-gpu02.gladstone.internal,bf16-mixed,/pollard/data/projects/sdrusinsky/enformer_fine_tuning/code/./../results/FinalPaperWholeBlood/SingleGene/CSNK2B/Fold-0/22zyfsk7,"[""Whole Blood""]",0.5,FinalPaperWholeBlood,0,CSNK2B,[],[],0.05,5e-06,150,128,0,49152,/pollard/data/projects/sdrusinsky/enformer_fine_tuning/code/./../data/cross_validation_folds/gtex/cv_folds/person_ids-train-fold0.txt,/pollard/data/projects/sdrusinsky/enformer_fine_tuning/code/./../data/cross_validation_folds/gtex/cv_folds/person_ids-val-fold0.txt,/pollard/data/projects/sdrusinsky/enformer_fine_tuning/code/./../data/cross_validation_folds/gtex/cv_folds/person_ids-test-fold0.txt,,,
76,807,FinalPaperWholeBlood_Fold-2_SingleGene_EREG,finished,qotw53m2,arrietty-h100-gpu02.gladstone.internal,bf16-mixed,/pollard/data/projects/sdrusinsky/enformer_fine_tuning/code/./../results/FinalPaperWholeBlood/SingleGene/EREG/Fold-2/qotw53m2,"[""Whole Blood""]",0.5,FinalPaperWholeBlood,2,EREG,[],[],0.05,5e-06,150,128,0,49152,/pollard/data/projects/sdrusinsky/enformer_fine_tuning/code/./../data/cross_validation_folds/gtex/cv_folds/person_ids-train-fold2.txt,/pollard/data/projects/sdrusinsky/enformer_fine_tuning/code/./../data/cross_validation_folds/gtex/cv_folds/person_ids-val-fold2.txt,/pollard/data/projects/sdrusinsky/enformer_fine_tuning/code/./../data/cross_validation_folds/gtex/cv_folds/person_ids-test-fold2.txt,,,
77,809,FinalPaperWholeBlood_Fold-0_SingleGene_EREG,finished,tq4cbpxc,arrietty-h100-gpu02.gladstone.internal,bf16-mixed,/pollard/data/projects/sdrusinsky/enformer_fine_tuning/code/./../results/FinalPaperWholeBlood/SingleGene/EREG/Fold-0/tq4cbpxc,"[""Whole Blood""]",0.5,FinalPaperWholeBlood,0,EREG,[],[],0.05,5e-06,150,128,0,49152,/pollard/data/projects/sdrusinsky/enformer_fine_tuning/code/./../data/cross_validation_folds/gtex/cv_folds/person_ids-train-fold0.txt,/pollard/data/projects/sdrusinsky/enformer_fine_tuning/code/./../data/cross_validation_folds/gtex/cv_folds/person_ids-val-fold0.txt,/pollard/data/projects/sdrusinsky/enformer_fine_tuning/code/./../data/cross_validation_folds/gtex/cv_folds/person_ids-test-fold0.txt,,,
78,812,FinalPaperWholeBlood_Fold-2_SingleGene_PAPSS1,finished,bcv8tkog,arrietty-h100-gpu02.gladstone.internal,bf16-mixed,/pollard/data/projects/sdrusinsky/enformer_fine_tuning/code/./../results/FinalPaperWholeBlood/SingleGene/PAPSS1/Fold-2/bcv8tkog,"[""Whole Blood""]",0.5,FinalPaperWholeBlood,2,PAPSS1,[],[],0.05,5e-06,150,128,0,49152,/pollard/data/projects/sdrusinsky/enformer_fine_tuning/code/./../data/cross_validation_folds/gtex/cv_folds/person_ids-train-fold2.txt,/pollard/data/projects/sdrusinsky/enformer_fine_tuning/code/./../data/cross_validation_folds/gtex/cv_folds/person_ids-val-fold2.txt,/pollard/data/projects/sdrusinsky/enformer_fine_tuning/code/./../data/cross_validation_folds/gtex/cv_folds/person_ids-test-fold2.txt,,,
79,814,FinalPaperWholeBlood_Fold-0_SingleGene_PAPSS1,finished,cvqfhq46,arrietty-h100-gpu02.gladstone.internal,bf16-mixed,/pollard/data/projects/sdrusinsky/enformer_fine_tuning/code/./../results/FinalPaperWholeBlood/SingleGene/PAPSS1/Fold-0/cvqfhq46,"[""Whole Blood""]",0.5,FinalPaperWholeBlood,0,PAPSS1,[],[],0.05,5e-06,150,128,0,49152,/pollard/data/projects/sdrusinsky/enformer_fine_tuning/code/./../data/cross_validation_folds/gtex/cv_folds/person_ids-train-fold0.txt,/pollard/data/projects/sdrusinsky/enformer_fine_tuning/code/./../data/cross_validation_folds/gtex/cv_folds/person_ids-val-fold0.txt,/pollard/data/projects/sdrusinsky/enformer_fine_tuning/code/./../data/cross_validation_folds/gtex/cv_folds/person_ids-test-fold0.txt,,,
80,817,FinalPaperWholeBlood_Fold-2_SingleGene_POR,finished,o70g07x4,arrietty-h100-gpu02.gladstone.internal,bf16-mixed,/pollard/data/projects/sdrusinsky/enformer_fine_tuning/code/./../results/FinalPaperWholeBlood/SingleGene/POR/Fold-2/o70g07x4,"[""Whole Blood""]",0.5,FinalPaperWholeBlood,2,POR,[],[],0.05,5e-06,150,128,0,49152,/pollard/data/projects/sdrusinsky/enformer_fine_tuning/code/./../data/cross_validation_folds/gtex/cv_folds/person_ids-train-fold2.txt,/pollard/data/projects/sdrusinsky/enformer_fine_tuning/code/./../data/cross_validation_folds/gtex/cv_folds/person_ids-val-fold2.txt,/pollard/data/projects/sdrusinsky/enformer_fine_tuning/code/./../data/cross_validation_folds/gtex/cv_folds/person_ids-test-fold2.txt,,,
81,820,FinalPaperWholeBlood_Fold-2_SingleGene_FAHD1,finished,s02ddw6i,arrietty-h100-gpu02.gladstone.internal,bf16-mixed,/pollard/data/projects/sdrusinsky/enformer_fine_tuning/code/./../results/FinalPaperWholeBlood/SingleGene/FAHD1/Fold-2/s02ddw6i,"[""Whole Blood""]",0.5,FinalPaperWholeBlood,2,FAHD1,[],[],0.05,5e-06,150,128,0,49152,/pollard/data/projects/sdrusinsky/enformer_fine_tuning/code/./../data/cross_validation_folds/gtex/cv_folds/person_ids-train-fold2.txt,/pollard/data/projects/sdrusinsky/enformer_fine_tuning/code/./../data/cross_validation_folds/gtex/cv_folds/person_ids-val-fold2.txt,/pollard/data/projects/sdrusinsky/enformer_fine_tuning/code/./../data/cross_validation_folds/gtex/cv_folds/person_ids-test-fold2.txt,,,
82,824,FinalPaperWholeBlood_Fold-0_SingleGene_POR,finished,stj6jhlk,arrietty-h100-gpu02.gladstone.internal,bf16-mixed,/pollard/data/projects/sdrusinsky/enformer_fine_tuning/code/./../results/FinalPaperWholeBlood/SingleGene/POR/Fold-0/stj6jhlk,"[""Whole Blood""]",0.5,FinalPaperWholeBlood,0,POR,[],[],0.05,5e-06,150,128,0,49152,/pollard/data/projects/sdrusinsky/enformer_fine_tuning/code/./../data/cross_validation_folds/gtex/cv_folds/person_ids-train-fold0.txt,/pollard/data/projects/sdrusinsky/enformer_fine_tuning/code/./../data/cross_validation_folds/gtex/cv_folds/person_ids-val-fold0.txt,/pollard/data/projects/sdrusinsky/enformer_fine_tuning/code/./../data/cross_validation_folds/gtex/cv_folds/person_ids-test-fold0.txt,,,
83,825,FinalPaperWholeBlood_Fold-0_SingleGene_FAHD1,finished,ueaxnz8v,arrietty-h100-gpu02.gladstone.internal,bf16-mixed,/pollard/data/projects/sdrusinsky/enformer_fine_tuning/code/./../results/FinalPaperWholeBlood/SingleGene/FAHD1/Fold-0/ueaxnz8v,"[""Whole Blood""]",0.5,FinalPaperWholeBlood,0,FAHD1,[],[],0.05,5e-06,150,128,0,49152,/pollard/data/projects/sdrusinsky/enformer_fine_tuning/code/./../data/cross_validation_folds/gtex/cv_folds/person_ids-train-fold0.txt,/pollard/data/projects/sdrusinsky/enformer_fine_tuning/code/./../data/cross_validation_folds/gtex/cv_folds/person_ids-val-fold0.txt,/pollard/data/projects/sdrusinsky/enformer_fine_tuning/code/./../data/cross_validation_folds/gtex/cv_folds/person_ids-test-fold0.txt,,,
84,889,FinalPaperWholeBlood_Fold-0_SingleGene_SCGB3A1,finished,njcmu5li,arrietty-h100-gpu02.gladstone.internal,bf16-mixed,/pollard/data/projects/sdrusinsky/enformer_fine_tuning/code/./../results/FinalPaperWholeBlood/SingleGene/SCGB3A1/Fold-0/njcmu5li,"[""Whole Blood""]",0.5,FinalPaperWholeBlood,0,SCGB3A1,[],[],0.05,5e-06,150,128,0,49152,/pollard/data/projects/sdrusinsky/enformer_fine_tuning/code/./../data/cross_validation_folds/gtex/cv_folds/person_ids-train-fold0.txt,/pollard/data/projects/sdrusinsky/enformer_fine_tuning/code/./../data/cross_validation_folds/gtex/cv_folds/person_ids-val-fold0.txt,/pollard/data/projects/sdrusinsky/enformer_fine_tuning/code/./../data/cross_validation_folds/gtex/cv_folds/person_ids-test-fold0.txt,,,
85,892,FinalPaperWholeBlood_Fold-1_SingleGene_SCGB3A1,finished,zadxv948,arrietty-h100-gpu02.gladstone.internal,bf16-mixed,/pollard/data/projects/sdrusinsky/enformer_fine_tuning/code/./../results/FinalPaperWholeBlood/SingleGene/SCGB3A1/Fold-1/zadxv948,"[""Whole Blood""]",0.5,FinalPaperWholeBlood,1,SCGB3A1,[],[],0.05,5e-06,150,128,0,49152,/pollard/data/projects/sdrusinsky/enformer_fine_tuning/code/./../data/cross_validation_folds/gtex/cv_folds/person_ids-train-fold1.txt,/pollard/data/projects/sdrusinsky/enformer_fine_tuning/code/./../data/cross_validation_folds/gtex/cv_folds/person_ids-val-fold1.txt,/pollard/data/projects/sdrusinsky/enformer_fine_tuning/code/./../data/cross_validation_folds/gtex/cv_folds/person_ids-test-fold1.txt,,,
86,893,FinalPaperWholeBlood_Fold-0_SingleGene_SETD9,finished,t77vqbv6,arrietty-h100-gpu02.gladstone.internal,bf16-mixed,/pollard/data/projects/sdrusinsky/enformer_fine_tuning/code/./../results/FinalPaperWholeBlood/SingleGene/SETD9/Fold-0/t77vqbv6,"[""Whole Blood""]",0.5,FinalPaperWholeBlood,0,SETD9,[],[],0.05,5e-06,150,128,0,49152,/pollard/data/projects/sdrusinsky/enformer_fine_tuning/code/./../data/cross_validation_folds/gtex/cv_folds/person_ids-train-fold0.txt,/pollard/data/projects/sdrusinsky/enformer_fine_tuning/code/./../data/cross_validation_folds/gtex/cv_folds/person_ids-val-fold0.txt,/pollard/data/projects/sdrusinsky/enformer_fine_tuning/code/./../data/cross_validation_folds/gtex/cv_folds/person_ids-test-fold0.txt,,,
87,894,FinalPaperWholeBlood_Fold-2_SingleGene_SCGB3A1,finished,4r3p3imc,arrietty-h100-gpu02.gladstone.internal,bf16-mixed,/pollard/data/projects/sdrusinsky/enformer_fine_tuning/code/./../results/FinalPaperWholeBlood/SingleGene/SCGB3A1/Fold-2/4r3p3imc,"[""Whole Blood""]",0.5,FinalPaperWholeBlood,2,SCGB3A1,[],[],0.05,5e-06,150,128,0,49152,/pollard/data/projects/sdrusinsky/enformer_fine_tuning/code/./../data/cross_validation_folds/gtex/cv_folds/person_ids-train-fold2.txt,/pollard/data/projects/sdrusinsky/enformer_fine_tuning/code/./../data/cross_validation_folds/gtex/cv_folds/person_ids-val-fold2.txt,/pollard/data/projects/sdrusinsky/enformer_fine_tuning/code/./../data/cross_validation_folds/gtex/cv_folds/person_ids-test-fold2.txt,,,
88,896,FinalPaperWholeBlood_Fold-1_SingleGene_SETD9,finished,hksu3k05,arrietty-h100-gpu02.gladstone.internal,bf16-mixed,/pollard/data/projects/sdrusinsky/enformer_fine_tuning/code/./../results/FinalPaperWholeBlood/SingleGene/SETD9/Fold-1/hksu3k05,"[""Whole Blood""]",0.5,FinalPaperWholeBlood,1,SETD9,[],[],0.05,5e-06,150,128,0,49152,/pollard/data/projects/sdrusinsky/enformer_fine_tuning/code/./../data/cross_validation_folds/gtex/cv_folds/person_ids-train-fold1.txt,/pollard/data/projects/sdrusinsky/enformer_fine_tuning/code/./../data/cross_validation_folds/gtex/cv_folds/person_ids-val-fold1.txt,/pollard/data/projects/sdrusinsky/enformer_fine_tuning/code/./../data/cross_validation_folds/gtex/cv_folds/person_ids-test-fold1.txt,,,
89,897,FinalPaperWholeBlood_Fold-2_SingleGene_SETD9,finished,n2ru90xl,arrietty-h100-gpu02.gladstone.internal,bf16-mixed,/pollard/data/projects/sdrusinsky/enformer_fine_tuning/code/./../results/FinalPaperWholeBlood/SingleGene/SETD9/Fold-2/n2ru90xl,"[""Whole Blood""]",0.5,FinalPaperWholeBlood,2,SETD9,[],[],0.05,5e-06,150,128,0,49152,/pollard/data/projects/sdrusinsky/enformer_fine_tuning/code/./../data/cross_validation_folds/gtex/cv_folds/person_ids-train-fold2.txt,/pollard/data/projects/sdrusinsky/enformer_fine_tuning/code/./../data/cross_validation_folds/gtex/cv_folds/person_ids-val-fold2.txt,/pollard/data/projects/sdrusinsky/enformer_fine_tuning/code/./../data/cross_validation_folds/gtex/cv_folds/person_ids-test-fold2.txt,,,
